[{"id":"911ab3e7-ab96-4bcb-97cd-04b45cfbb412","path":"/init.ipynb"},{"id":"bfb65f8b-92fd-444d-ba88-c7dfcba453f6","path":"/notebook.ipynb"},{"id":"3b715ac0-de2f-445c-9057-d22c1e263d99","path":"/COVID-19-Study-with-Epidemiology-models-master/covid_19_clean_complete.csv"},{"id":"5aaccc03-91db-4a51-9e79-6122d3a25e51","path":"/COVID-19-Study-with-Epidemiology-models-master/countries of the world.csv"},{"id":"f8250faa-8be5-4628-bb42-43eae97d5742","path":"/COVID-19-Study-with-Epidemiology-models-master/README.md"},{"id":"9be82baa-11e4-44dd-8803-3b5c45ff1db3","path":"/COVID-19-Study-with-Epidemiology-models-master/Model.ipynb"},{"id":"a436a060-d475-4cf2-9200-963916ccf015","path":"/covid_19_clean_complete.csv"},{"id":"cfe4a504-cc02-41b8-be45-b9940b72c906","path":"/COVID-19-Study-with-Epidemiology-models-master/backup.ipynb"},{"id":"e3e2e52f-9dde-4ec4-8b81-d8f70ccc9813","path":"/COVID-19-Study-with-Epidemiology-models-master/backup-2.ipynb"}]